Sensor,Importance value
sensor8,0.5821307
sensor6,0.12640326
sensor5,0.095741145
sensor4,0.08858816
sensor2,0.054107275
sensor0,0.03280481
sensor3,0.011355856
sensor1,0.0076999506
sensor9,0.0011689
sensor7,0.0
